person_id,time_in_seconds,start_floor,dest_floor,weight
11,27000,1,5,70.22422251665921
340,28127.97582559507,1,5,80.45765867287636
266,28323.964527430107,1,4,113.31898584161901
47,28578.683154171227,1,2,78.90714787341085
81,28805.7090201802,1,5,98.10717441855876
26,28853.824676517324,1,5,88.96951676412695
343,28958.880973810024,1,4,73.09203275984177
76,29083.462182699244,1,7,73.73283662720141
165,29142.186836694782,1,3,86.999590911338
265,29209.12669407512,1,8,73.53108799696346
354,29249.00179716578,1,6,98.98883865122514
208,29251.050478154248,1,6,88.79684862670678
175,29390.00087174825,1,6,68.11315395594275
334,29524.03840190491,1,5,69.42593705471178
159,29545.63028826227,1,6,82.37939410546616
259,29547.260608940283,1,6,79.75803241441842
304,29613.16719185675,1,5,95.73729471759587
64,29614.438996273933,1,3,105.67030625096587
248,29615.046210995948,1,6,102.70992339256779
171,29650.066689700863,1,8,80.69986972019161
2,29678.353417298866,1,7,77.4377050872285
184,29684.977138701746,1,2,107.22930020670111
217,29694.19284897259,1,8,59.6764944817298
71,29777.306167937026,1,8,101.42731061109357
282,29808.71268702788,1,4,70.55142502847072
279,29834.98166794901,1,5,80.27960074279034
348,29847.414611792577,1,6,106.53141286382679
154,29884.06145596329,1,5,82.87301301436699
61,29903.479297223184,1,2,57.926682321198015
1,30016.988210788953,1,5,103.69128853647327
72,30075.252977041786,1,3,99.26384546092424
287,30143.749277754076,1,6,71.48424342996233
32,30148.186905723953,1,2,88.40527375640254
225,30210.509239565883,1,5,74.13610475937539
118,30261.856773792308,1,4,90.86624683122268
329,30263.872521886078,1,3,62.01502089968264
342,30341.99130944642,1,2,84.12197109849384
350,30345.8572875926,1,7,84.43338807741087
296,30352.78730536604,1,8,84.0248638510126
317,30373.81507451673,1,5,75.4441466539584
83,30382.48402245175,1,2,84.77329851653874
255,30384.934955161367,1,3,72.21254599940211
280,30387.4449932985,1,8,66.50326277720545
242,30392.14275709457,1,4,102.87607524205623
219,30396.59737359095,1,4,83.18936864372249
277,30467.64135758554,1,3,105.42619619163848
213,30521.10435833127,1,6,79.88402166338138
254,30552.465839218206,1,6,64.18976472557014
70,30585.12409484109,1,8,86.39828658951377
131,30626.543900087254,1,2,85.77804372708943
143,30628.551335981647,1,3,77.20552740639916
299,30633.20883765668,1,4,80.08562665133343
305,30652.227648550524,1,6,85.42360631425537
188,30677.12676871418,1,7,61.169813019968345
290,30693.454475458777,1,4,69.96078653796442
223,30698.25141422896,1,5,84.66187856413845
167,30711.735355613262,1,8,87.44745094511653
235,30711.833965129645,1,2,85.26598363064794
307,30729.811157598,1,5,89.84882477265691
96,30743.19259616386,1,5,90.09591868772748
349,30757.423287600326,1,8,106.66377968015694
13,30769.254781387077,1,7,77.01046779627102
169,30785.957429122293,1,8,89.52981077226211
46,30790.366970708586,1,4,82.09248867125389
120,30796.1356372198,1,4,82.17496849612351
137,30829.405694372963,1,8,106.03448681310203
311,30839.847318261418,1,4,66.27470089090741
163,30852.184326942443,1,7,94.31995389209216
170,30864.50720913268,1,4,68.0530670827605
355,30897.84631921199,1,5,53.81111556506818
328,30922.947189583723,1,4,73.68453879880349
263,30959.549861368494,1,2,86.98595745829434
214,30972.024755185943,1,7,73.78002994037595
129,31002.176572768174,1,6,66.48406764707607
273,31005.187054477865,1,2,68.94910568948718
57,31016.051657419473,1,7,73.88402811521563
86,31025.216258760847,1,3,77.69868661456174
145,31027.83321254239,1,2,73.3590079697992
126,31056.579303051167,1,2,103.22109814116905
232,31094.72475942404,1,6,79.21767001913207
155,31113.918123704017,1,7,68.57659393371554
150,31118.94716537394,1,5,111.22058835986493
314,31130.213224593495,1,6,103.20039711291778
306,31140.404787394953,1,6,86.04901026933172
178,31160.653874306063,1,6,112.43846122728873
75,31165.454774897804,1,8,100.57915276915793
91,31232.262747566296,1,8,88.27198104384684
228,31244.153346995245,1,8,86.47338479509571
146,31265.839471227217,1,3,78.19387764900954
51,31267.010775351308,1,6,70.45242480670285
181,31276.06450248856,1,8,80.42821898854709
224,31279.888329389785,1,4,74.01313599029362
332,31295.46651799051,1,5,93.83847528594973
6,31310.434545307045,1,7,74.12123091912599
179,31327.630467842217,1,4,78.85280011249631
122,31341.90114704795,1,7,86.32142968736937
127,31351.96854079696,1,5,101.9503381590961
115,31354.030117112634,1,7,64.31806901647705
272,31374.338194408432,1,4,84.02244370055807
10,31381.278625676296,1,5,102.86679459056928
318,31383.67142840639,1,5,90.44581785723973
191,31387.32959087704,1,5,81.04763641976126
231,31388.906713200995,1,5,87.45025375165416
204,31405.587838368952,1,7,125.86121341276625
320,31430.803656749868,1,4,75.49114011317263
172,31431.84355973895,1,8,73.34864779731207
357,31448.010723503492,1,2,85.42650406938536
212,31466.8063734529,1,6,62.39683919036694
289,31474.047860034712,1,7,84.55255283654893
142,31484.103747340476,1,2,97.95432647628041
276,31509.68015790751,1,4,64.62382385386964
108,31518.419577387762,1,2,94.28967702101045
264,31563.10022982877,1,3,79.14777065816082
209,31577.42995481032,1,6,82.87010604660624
340,31596.38921111243,5,8,80.45765867287636
78,31609.205759809585,1,8,90.9329355718395
331,31621.787585922542,1,4,86.0796417435171
271,31641.840895160676,1,7,80.63741289626644
268,31674.732649705067,1,6,95.49871563438674
315,31675.488527852944,1,5,83.94293252291554
93,31681.2263090201,1,5,65.24322106759182
316,31690.610636092948,1,2,53.122163376030436
144,31692.94238663216,1,3,100.64081461889738
160,31700.57937437623,1,8,104.9647255914625
9,31701.304469277093,1,3,73.93813498947254
257,31711.15128421311,1,8,69.77483327150316
195,31717.167802401764,1,7,74.78295183441821
262,31736.090928778172,1,8,95.5856094345054
20,31780.175010986437,1,3,97.87144643203732
124,31789.155966896877,1,8,89.94618626669839
128,31793.549946297,1,8,81.28315965875056
285,31800.095311109384,1,7,87.42874665822339
189,31806.429797630244,1,7,67.4373690195031
302,31811.835289105737,1,4,77.47435679415754
180,31815.502067217785,1,5,79.23824683318743
313,31822.36937777499,1,6,69.15219227972747
294,31830.10912508516,1,3,92.16777513369041
121,31830.35366433652,1,8,99.14861363561054
135,31830.775691648363,1,5,70.12797591631346
130,31861.252418671334,1,5,93.91688883093836
111,31865.676363161787,1,2,115.44242319349536
192,31869.825456183065,1,5,113.09863145050316
34,31875.907476231707,1,5,67.50558828227946
28,31894.91438176422,1,6,88.68634358067327
15,31902.728795812807,1,2,94.80866595919746
33,31912.798888915342,1,7,63.52071181030679
84,31914.980000644442,1,5,79.58126937668166
227,31918.853819093267,1,8,117.2528972795482
199,31940.592204134806,1,8,79.92817429271946
308,31953.360810087266,1,7,63.64926773744722
322,31991.860742841152,1,6,94.37427204046308
174,32015.13492667389,1,7,86.37436136969568
216,32021.39542425441,1,3,70.199473696953
176,32028.639637179745,1,3,66.43500782882137
167,32039.03629171729,8,4,87.44745094511653
269,32046.19779531151,1,6,67.29902424095255
215,32057.49267329309,1,8,61.29340793800563
40,32057.75355358305,1,4,73.23118865959368
24,32059.178677517117,1,4,92.65013491837561
218,32061.73955371655,1,3,89.40076050830353
326,32062.420277375695,1,5,93.15563323004925
132,32072.850250787284,1,4,79.17668825332946
351,32080.280349872606,1,6,95.28165369418622
92,32099.592134756087,1,6,82.87491284421668
200,32102.018505349093,1,5,73.4379487171215
55,32102.154245738366,1,7,69.57815351725674
94,32103.903802059132,1,6,107.57355759498421
356,32114.184576790274,1,8,92.64148104074968
253,32130.72119355075,1,5,68.34723937437921
18,32142.719070459818,1,4,83.19780138867993
166,32156.44088724405,1,5,76.16950813136538
222,32188.242128469155,1,7,77.84765082720367
295,32205.00999525929,1,2,88.03874989785128
358,32219.072823335428,1,3,82.73638341563327
167,32227.902342525485,4,2,87.44745094511653
335,32248.342567292664,1,6,75.52261590899467
149,32259.54101719183,1,3,79.7744649236051
37,32275.740577692355,1,6,95.86262619452734
220,32288.808178794403,1,6,68.19435252798766
60,32291.688409959475,1,5,90.95187882717646
340,32320.011548544604,8,7,80.45765867287636
106,32325.90465667632,1,4,86.18599243211152
99,32337.54395503558,1,8,67.42323510561388
161,32359.896789864382,1,2,91.83791910095628
173,32371.547986864844,1,4,83.33684365994334
8,32381.67145558633,1,3,50.100730197777295
261,32384.013012249587,1,8,73.35687332991972
281,32386.171691900236,1,6,87.53493726872192
325,32390.894871777386,1,3,66.06779161400166
109,32413.149210610813,1,7,87.83820053286411
247,32421.722058461422,1,7,80.65098402045243
35,32440.25003708256,1,3,83.30603306234664
298,32444.515998343395,1,3,63.1003071436922
345,32472.850754128292,1,5,75.72445766943626
249,32476.602352533977,1,8,84.2404907927397
221,32529.28766355936,1,2,112.18505603855095
339,32542.501536495067,1,2,115.94759897505784
31,32554.650477830764,1,6,81.79207705380576
185,32560.559723522056,1,3,74.46677314218667
88,32578.523973532694,1,2,98.79293001021978
194,32583.893345151897,1,4,86.72424005834272
357,32590.43922007863,2,7,85.42650406938536
44,32592.216368860125,1,8,85.53069012915196
11,32599.075935458124,5,8,70.22422251665921
360,32654.715283701353,1,6,81.25404193553914
103,32654.74536400196,1,8,81.06264640842971
338,32686.34067549031,1,4,69.09208692588325
14,32721.56279245188,1,7,95.35393715846378
56,32728.60709545738,1,6,68.47264382752316
23,32735.95146574184,1,6,81.96508487187478
274,32752.08022685165,1,3,64.91160428133792
319,32785.097889183286,1,8,87.1596019799032
158,32801.01255470516,1,8,77.48119437731658
270,32808.930551378995,1,5,113.24852510171708
157,32810.786493520056,1,7,77.85301958631901
333,32813.6440521172,1,5,82.56921527556123
105,32822.58737587652,1,3,81.48935040634282
344,32824.57673075298,1,7,76.46836578013676
77,32850.857235706775,1,4,79.42590087006114
182,32862.807118074554,1,4,78.40337197953822
267,32863.309833088744,1,7,78.4583078777511
346,32864.21940496068,1,8,58.629589462721206
41,32886.478513121554,1,4,89.83776597734997
110,32888.88536091297,1,6,88.4033231534142
241,32890.44340092298,1,3,80.92454801677025
101,32902.87080559065,1,3,102.99641264444725
49,32916.089737173694,1,8,85.28116967664053
205,32930.187911430454,1,2,96.0076076916761
303,32949.079180278706,1,8,71.91435671644255
354,32956.450513488504,6,4,98.98883865122514
30,32961.83525636938,1,3,93.56763462082625
237,32985.7437025568,1,8,73.76535188088516
153,32987.890675142175,1,4,87.11619600148771
359,32988.009080233045,1,3,89.68637699151998
252,32993.465186875925,1,5,120.55901508891444
65,32998.52902101359,1,5,116.50456624895253
119,32998.806854637536,1,3,79.30087862944382
90,32998.865875316864,1,4,97.96457300177454
5,33018.74399301861,1,5,61.56443146297545
337,33056.98618674452,1,7,66.81256646399066
310,33057.10366567549,1,4,79.43311646319292
19,33065.41754900389,1,4,85.07458561179281
68,33089.54530020672,1,5,106.78246907737204
74,33097.20273950552,1,3,85.96964083493417
113,33098.10725721331,1,7,111.96067351472774
50,33112.540280320696,1,3,79.40417627986047
183,33128.163768298065,1,8,85.5862805500237
323,33141.57289991794,1,2,79.74871085839128
327,33151.86723601888,1,5,83.13520724146318
21,33155.68473819521,1,6,66.00222881323027
85,33159.96283376488,1,7,81.4775123654741
98,33173.844097242974,1,6,85.09197517848847
27,33181.57614293998,1,3,91.99818641423812
152,33191.17032510103,1,8,71.94606388431336
288,33193.44599824864,1,5,92.09524866220796
43,33235.25276723647,1,5,76.10573495707777
312,33253.98505503046,1,7,91.96404589193124
22,33274.95581064086,1,6,73.23433779509072
45,33281.95526652463,1,8,64.04387922637397
301,33330.61119615524,1,4,69.94703399829393
353,33369.21017129365,1,4,112.79190528289143
201,33422.190442991814,1,2,82.85930463185777
278,33435.41370898029,1,8,81.66964603273885
12,33436.96058592594,1,8,105.5753334728516
148,33452.880445710085,1,2,86.43527993484348
203,33460.3138584003,1,3,74.52289361234833
236,33506.02576702436,1,4,80.75093576473486
177,33509.43956241378,1,7,108.24665052789126
134,33564.85916235381,1,5,78.7464961844171
54,33574.4406768933,1,4,82.43226751801022
324,33597.62727190753,1,3,87.14795358823723
117,33611.656032246625,1,7,82.2459295335141
206,33613.62891706669,1,8,70.98970732640853
260,33647.20473089081,1,3,96.39851418436811
80,33676.69114639024,1,2,86.39634016914945
239,33681.820470992556,1,7,112.87898583447111
59,33697.67273764137,1,5,75.21001074977906
352,33700.940287653764,1,2,67.39687937360941
193,33703.83361088542,1,6,75.82349048182662
39,33708.15458722629,1,6,112.60205328890774
112,33731.725914653674,1,2,111.41730984261905
95,33749.62714402626,1,4,91.34819717447488
246,33756.64303160883,1,4,85.7196397222621
211,33766.05173047889,1,5,110.17481555687336
107,33784.68561562904,1,8,78.77779308766581
229,33855.69111981438,1,4,120.11758901606674
233,33866.444540058954,1,8,81.00875225169104
251,33869.85576985358,1,7,74.79809938083959
105,33871.05948328225,3,8,81.48935040634282
186,33883.89057675644,1,4,78.58133927334067
147,33915.49873764305,1,6,97.94758014633
4,33918.65315425411,1,6,78.42400179900046
187,33934.73146250029,1,4,92.53675883350087
25,33979.65313677108,1,5,82.95571685393287
243,33984.49397022195,1,5,97.35900448707555
87,33987.962038104764,1,6,68.55327001503532
292,33989.19718477297,1,4,74.18979288799338
102,34016.880622008604,1,5,77.20186878776352
73,34039.786922092506,1,8,118.85293794850473
156,34041.861602725214,1,5,78.44435547120032
38,34048.76630409026,1,4,67.29069263330578
100,34060.08684224105,1,4,78.5588543218075
258,34073.53536872929,1,8,83.78075242249142
58,34083.483947904366,1,2,75.55830860304361
161,34112.84780998388,2,3,91.83791910095628
250,34121.06381267899,1,4,85.43086246629528
17,34126.688534761495,1,2,74.30691320569493
139,34190.57177145107,1,8,83.21283164593649
244,34275.58597155722,1,6,74.97191320939336
202,34275.98245411704,1,7,93.69176958650117
138,34291.1603924102,1,6,106.0007286872568
245,34300.150484713726,1,8,74.04672727913304
42,34312.46929490684,1,5,78.21757028717224
238,34314.43110037272,1,6,82.19361526512176
169,34320.34073754728,8,7,89.52981077226211
136,34332.731792115126,1,2,82.36539462207463
89,34341.963241448466,1,2,103.03218243054316
300,34357.113243885986,1,3,85.83806565583791
52,34401.29717936261,1,7,81.83781570006428
79,34402.055097416036,1,3,60.18329800292293
354,34413.013209341,4,2,98.98883865122514
256,34434.21549448303,1,5,58.35956362415241
234,34447.97107078159,1,7,84.54229321505727
3,34448.49137341831,1,7,100.6333987750959
97,34461.19874744394,1,6,88.02020338200089
309,34471.140874389515,1,7,100.44807923482794
66,34525.58499118283,1,3,80.85602129492223
306,34562.10452780931,6,5,86.04901026933172
67,34570.843358870414,1,8,88.18671277522056
281,34607.927653151855,6,4,87.53493726872192
226,34631.7003010602,1,5,64.27705321818146
7,34642.6677290744,1,7,86.281223784778
337,34650.57138311761,7,2,66.81256646399066
114,34660.73646971175,1,3,79.95687834633881
297,34677.98439539102,1,2,110.45668920081549
286,34694.75184642252,1,2,111.24933543192014
63,34731.45584117344,1,7,57.24578768951188
36,34742.73404780742,1,7,71.20503840043774
230,34759.41247599727,1,3,67.4420768716828
140,34763.666199884916,1,4,65.62857168770329
198,34775.7155381592,1,6,77.08692915768212
62,34779.36493139544,1,6,68.28549350334733
152,34850.698624473865,8,6,71.94606388431336
330,34912.139913250816,1,5,83.88691377633519
210,34929.24678332841,1,3,81.83900610689987
151,34936.00768966051,1,5,75.8978708443448
168,34962.4962828974,1,6,64.66414639582119
141,35033.71369156165,1,3,90.66780119986745
29,35102.87430931619,1,6,105.37411614823348
150,35114.292044828544,5,2,111.22058835986493
358,35114.86981591683,3,8,82.73638341563327
232,35138.94748386037,6,7,79.21767001913207
82,35176.90587524848,1,8,67.29575710013955
278,35208.26958833913,8,4,81.66964603273885
321,35235.67259504706,1,6,96.41452017180877
162,35250.55226819744,1,2,116.99141628013177
116,35260.71755130228,1,8,79.56302261041847
48,35269.82341526274,1,3,62.16028485955758
123,35291.699208747305,1,4,77.47799504077668
206,35340.296130452494,8,2,70.98970732640853
164,35421.62114019603,1,8,85.91555389595018
20,35435.72577136094,3,5,97.87144643203732
284,35479.344882375866,1,2,104.21030763736144
183,35498.95109693413,8,4,85.5862805500237
293,35516.16288907491,1,4,80.9760679916668
283,35536.52751890218,1,2,64.56887857945563
207,35538.75767697909,1,2,113.88563735109682
275,35546.68963090238,1,3,74.90382203674281
104,35573.6898903688,1,8,80.43036835992396
196,35589.49074353039,1,4,81.09234783308109
133,35620.91731243786,1,4,136.07830826817337
336,35678.696273463065,1,4,69.542061908986
190,35760.9452460027,1,2,92.95100054957513
347,35899.55014063024,1,3,90.686428229632
197,35958.894760062554,1,5,111.19229942067578
136,35959.7031602579,2,4,82.36539462207463
130,36100.986951876446,5,7,93.91688883093836
69,36133.877252794606,1,5,88.39179715913659
291,36195.261507153635,1,7,97.19080021940303
240,36234.45093378326,1,5,81.42975616677946
310,36463.4957434828,4,3,79.43311646319292
85,36577.87494204456,7,3,81.4775123654741
341,36875.95896913124,1,5,101.8020822945293
278,37026.10543213043,4,6,81.66964603273885
228,37073.61101950794,8,7,86.47338479509571
141,37272.39712961356,3,8,90.66780119986745
53,37292.49400873209,1,3,81.52984895667798
125,37367.27486556244,1,3,74.68340651650274
45,37529.74951370219,8,2,64.04387922637397
37,37550.99449623378,6,3,95.86262619452734
16,37581.71364579845,1,4,75.26763415645715
210,37722.72695570476,3,4,81.83900610689987
352,37928.03951676832,2,7,67.39687937360941
103,37954.540069620605,8,3,81.06264640842971
90,37998.88330958516,4,5,97.96457300177454
328,38080.51695143134,4,5,73.68453879880349
253,38122.095621207794,5,3,68.34723937437921
292,38150.073341660835,4,8,74.18979288799338
79,38286.18387804661,3,5,60.18329800292293
166,38394.664004800165,5,4,76.16950813136538
7,38558.29487607219,7,4,86.281223784778
234,38832.366505523874,7,2,84.54229321505727
37,38907.40683648679,3,7,95.86262619452734
244,39000.133351740915,6,3,74.97191320939336
179,39090.55273773312,4,3,78.85280011249631
213,39143.51006577942,6,5,79.88402166338138
103,39255.22366987598,3,2,81.06264640842971
339,39266.6289817355,2,7,115.94759897505784
219,39334.86890017788,4,7,83.18936864372249
310,39397.15839293387,3,2,79.43311646319292
332,39442.166410083286,5,3,93.83847528594973
175,39479.808925292644,6,2,68.11315395594275
294,39550.787888355655,3,5,92.16777513369041
299,39626.938355753315,4,2,80.08562665133343
88,39657.3978823076,2,4,98.79293001021978
312,39684.72649370154,7,8,91.96404589193124
266,39823.457940665554,4,7,113.31898584161901
218,39879.24093135069,3,6,89.40076050830353
106,39885.465010791086,4,2,86.18599243211152
5,39892.06569638813,5,2,61.56443146297545
219,39904.5019684438,7,8,83.18936864372249
274,40239.97123551712,3,2,64.91160428133792
335,40261.3706111698,6,2,75.52261590899467
150,40454.09438116719,2,6,111.22058835986493
27,40502.12722929567,3,6,91.99818641423812
52,40517.27664841486,7,2,81.83781570006428
101,40539.509328406246,3,8,102.99641264444725
87,40613.24839432367,6,8,68.55327001503532
299,40652.63917140862,2,4,80.08562665133343
322,40735.75340279823,6,7,94.37427204046308
324,40748.64188077487,3,8,87.14795358823723
45,40759.856251490295,2,3,64.04387922637397
141,40775.85655029931,8,4,90.66780119986745
274,40918.338358643574,2,7,64.91160428133792
193,41022.538705763705,6,5,75.82349048182662
274,41104.214412776484,7,2,64.91160428133792
223,41128.846540055114,5,6,84.66187856413845
85,41150.924918512756,3,4,81.4775123654741
170,41229.29616650588,4,3,68.0530670827605
299,41232.85960949223,4,5,80.08562665133343
321,41388.16531464034,6,8,96.41452017180877
327,41453.158335478394,5,2,83.13520724146318
155,41521.76669411401,7,3,68.57659393371554
259,41556.544743634426,6,2,79.75803241441842
1,41608.20455697607,5,8,103.69128853647327
163,41624.92499564136,7,4,94.31995389209216
87,41728.97364538306,8,2,68.55327001503532
53,41739.72455104218,3,8,81.52984895667798
136,41779.40455990492,4,6,82.36539462207463
320,41805.70979362386,4,8,75.49114011317263
89,41825.85794620849,2,3,103.03218243054316
125,41897.41461191098,3,8,74.68340651650274
258,42064.15348584919,8,4,83.78075242249142
150,42178.52795924265,6,3,111.22058835986493
138,42182.582572114305,6,7,106.0007286872568
143,42189.526205466216,3,2,77.20552740639916
354,42307.75351476919,2,3,98.98883865122514
253,42349.8584752968,3,4,68.34723937437921
79,42396.66258794302,5,8,60.18329800292293
116,42398.29050310584,8,1,79.56302261041847
169,42444.064222521345,7,8,89.52981077226211
229,42452.52285305753,4,5,120.11758901606674
228,42477.559271850165,7,4,86.47338479509571
292,42560.74914726786,8,7,74.18979288799338
55,42711.43296386271,7,4,69.57815351725674
143,42764.50478368294,2,5,77.20552740639916
274,42866.78398916037,2,1,64.91160428133792
179,42880.32621755857,3,2,78.85280011249631
212,42929.058229415554,6,1,62.39683919036694
166,42960.90135152972,4,1,76.16950813136538
4,43031.64278172079,6,1,78.42400179900046
99,43073.92073337668,8,1,67.42323510561388
232,43087.07820152446,7,1,79.21767001913207
104,43122.00917539638,8,7,80.43036835992396
347,43143.0678800358,3,1,90.686428229632
141,43170.83123506986,4,2,90.66780119986745
113,43182.89515484569,7,1,111.96067351472774
54,43240.88611855882,4,3,82.43226751801022
66,43244.2678038496,3,1,80.85602129492223
58,43256.73985976716,2,1,75.55830860304361
97,43257.41894763418,6,5,88.02020338200089
60,43382.49157669968,5,4,90.95187882717646
88,43384.326062441745,4,6,98.79293001021978
111,43403.683668705075,2,5,115.44242319349536
346,43410.08774217445,8,1,58.629589462721206
73,43429.70062475195,8,1,118.85293794850473
335,43450.575821638726,2,1,75.52261590899467
210,43492.0357258635,4,5,81.83900610689987
139,43520.35465496397,8,3,83.21283164593649
313,43548.113628013576,6,1,69.15219227972747
351,43618.85178712226,6,5,95.28165369418622
87,43645.81968052154,2,8,68.55327001503532
243,43689.987653154654,5,7,97.35900448707555
288,43690.8901985041,5,1,92.09524866220796
103,43742.94146687074,2,1,81.06264640842971
134,43747.34616028832,5,1,78.7464961844171
54,43802.77745805781,3,8,82.43226751801022
81,43834.149207216324,5,1,98.10717441855876
206,43852.73239328098,2,1,70.98970732640853
131,43873.33485098401,2,1,85.77804372708943
256,43887.69631303426,5,1,58.35956362415241
285,43899.64320379724,7,1,87.42874665822339
8,43932.35227718045,3,1,50.100730197777295
34,43973.35373448381,5,1,67.50558828227946
57,44023.37851537196,7,6,73.88402811521563
110,44040.9950930634,6,1,88.4033231534142
280,44060.68652724482,8,1,66.50326277720545
4,44063.3075098796,1,6,78.42400179900046
274,44076.8783816746,1,3,64.91160428133792
79,44154.65431333624,8,1,60.18329800292293
278,44161.852964335725,6,1,81.66964603273885
329,44199.878002866455,3,1,62.01502089968264
265,44206.719644017925,8,1,73.53108799696346
294,44247.74895093306,5,2,92.16777513369041
166,44251.30199518973,1,5,76.16950813136538
142,44294.334910119076,2,3,97.95432647628041
199,44295.240510615804,8,1,79.92817429271946
328,44320.40634029405,5,8,73.68453879880349
33,44327.74355391303,7,3,63.52071181030679
273,44340.8943153121,2,1,68.94910568948718
229,44373.14936629035,5,1,120.11758901606674
244,44373.38909476889,3,1,74.97191320939336
192,44392.40595950096,5,1,113.09863145050316
51,44403.89097633227,6,1,70.45242480670285
217,44428.17324401814,8,1,59.6764944817298
14,44464.294369747724,7,1,95.35393715846378
212,44464.51246124805,1,6,62.39683919036694
312,44550.077039977405,8,1,91.96404589193124
116,44559.75016290559,1,8,79.56302261041847
90,44565.55877939879,5,1,97.96457300177454
325,44599.99807686897,3,1,66.06779161400166
73,44617.532652996175,1,8,118.85293794850473
16,44622.73312328269,4,1,75.26763415645715
357,44629.25053240898,7,1,85.42650406938536
123,44642.80725985193,4,1,77.47799504077668
275,44652.09872469314,3,1,74.90382203674281
232,44671.602267642535,1,6,79.21767001913207
358,44691.32474629739,8,7,82.73638341563327
168,44695.44785926963,6,1,64.66414639582119
139,44723.3974903162,3,1,83.21283164593649
119,44723.79923858782,3,1,79.30087862944382
340,44735.358816410335,7,1,80.45765867287636
305,44764.97266247623,6,1,85.42360631425537
23,44794.567656770036,6,1,81.96508487187478
337,44824.78562959109,2,1,66.81256646399066
163,44831.193370399094,4,1,94.31995389209216
85,44841.938715974895,4,7,81.4775123654741
303,44850.52127231428,8,5,71.91435671644255
332,44870.22656041419,3,1,93.83847528594973
224,44872.26574632868,4,1,74.01313599029362
31,44888.79381859274,6,1,81.79207705380576
345,44891.839560043925,5,1,75.72445766943626
320,44903.78511158735,8,1,75.49114011317263
360,44916.03188586187,6,1,81.25404193553914
74,45002.58143107572,3,1,85.96964083493417
80,45012.36282016474,2,1,86.39634016914945
113,45020.348616918,1,7,111.96067351472774
66,45055.67307928516,1,3,80.85602129492223
347,45061.89366923283,1,3,90.686428229632
99,45095.17799829523,1,8,67.42323510561388
121,45107.157295856945,8,1,99.14861363561054
103,45116.61169231155,1,8,81.06264640842971
87,45119.45533383394,8,1,68.55327001503532
35,45142.996070516325,3,1,83.30603306234664
77,45158.4354414035,4,1,79.42590087006114
225,45178.28036317733,5,1,74.13610475937539
20,45178.54685354014,5,1,97.87144643203732
233,45195.78544832737,8,1,81.00875225169104
294,45204.111558451026,2,1,92.16777513369041
58,45225.106737949915,1,2,75.55830860304361
41,45225.99703928695,4,1,89.83776597734997
37,45259.39313530793,7,1,95.86262619452734
288,45290.64631942358,1,5,92.09524866220796
27,45293.500078413745,6,1,91.99818641423812
26,45293.59736209818,5,1,88.96951676412695
28,45299.83892767962,6,1,88.68634358067327
89,45300.83133106347,3,8,103.03218243054316
243,45303.109218104524,7,1,97.35900448707555
128,45313.599138953075,8,1,81.28315965875056
76,45339.11951531867,7,1,73.73283662720141
228,45360.747297696464,4,1,86.47338479509571
300,45365.90220725567,3,4,85.83806565583791
71,45366.89038543133,8,1,101.42731061109357
283,45368.662492277355,2,1,64.56887857945563
7,45376.369160679955,4,1,86.281223784778
346,45393.65715628991,1,8,58.629589462721206
182,45417.338479538324,4,1,78.40337197953822
181,45429.26693805318,8,1,80.42821898854709
306,45430.359184106106,5,1,86.04901026933172
253,45440.90385773054,4,1,68.34723937437921
144,45486.313199711185,3,1,100.64081461889738
50,45489.80691205983,3,1,79.40417627986047
22,45500.823962414055,6,1,73.23433779509072
333,45511.14096582226,5,1,82.56921527556123
134,45516.81442532711,1,5,78.7464961844171
104,45526.08153571434,7,1,80.43036835992396
169,45529.407136021386,8,1,89.52981077226211
339,45531.701596372455,7,1,115.94759897505784
307,45547.35316209298,5,1,89.84882477265691
97,45562.454905731596,5,1,88.02020338200089
162,45562.98831971228,2,1,116.99141628013177
131,45580.253469517185,1,2,85.77804372708943
278,45586.28180847094,1,8,81.66964603273885
149,45617.410387687894,3,1,79.7744649236051
335,45625.5850869526,1,6,75.52261590899467
310,45629.03006890222,2,1,79.43311646319292
25,45648.058231280054,5,1,82.95571685393287
298,45652.755691749735,3,1,63.1003071436922
358,45654.17775474616,7,1,82.73638341563327
84,45654.61344362164,5,7,79.58126937668166
285,45673.58096639082,1,7,87.42874665822339
42,45682.824355530654,5,1,78.21757028717224
317,45683.97865120039,5,1,75.4441466539584
111,45684.21305662308,5,1,115.44242319349536
183,45684.862925958485,4,6,85.5862805500237
255,45690.20421533274,3,1,72.21254599940211
6,45693.28343188009,7,1,74.12123091912599
51,45703.78550413891,1,6,70.45242480670285
75,45707.193975321155,8,1,100.57915276915793
313,45714.54886931739,1,6,69.15219227972747
143,45723.77121101713,5,1,77.20552740639916
318,45767.485256851534,5,1,90.44581785723973
265,45798.75012441918,1,8,73.53108799696346
206,45808.11339700267,1,8,70.98970732640853
240,45813.34398045612,5,1,81.42975616677946
133,45814.85331222189,4,1,136.07830826817337
256,45820.17491149107,1,5,58.35956362415241
229,45823.287047738355,1,4,120.11758901606674
279,45827.170975586356,5,1,80.27960074279034
8,45841.17975761503,1,3,50.100730197777295
122,45844.21860328464,7,1,86.32142968736937
110,45854.371125870784,1,6,88.4033231534142
84,45858.9121785481,7,6,79.58126937668166
329,45862.31296054671,1,3,62.01502089968264
236,45865.80772853487,4,1,80.75093576473486
293,45872.50848929428,4,1,80.9760679916668
330,45876.327872259026,5,1,83.88691377633519
323,45887.64948186765,2,1,79.74871085839128
237,45896.46634509024,8,1,73.76535188088516
314,45901.39335141639,6,1,103.20039711291778
123,45918.71937932576,1,4,77.47799504077668
32,45925.09987429795,2,1,88.40527375640254
338,45927.3336194311,4,1,69.09208692588325
273,45949.758626097704,1,2,68.94910568948718
303,45955.35380937999,5,1,71.91435671644255
44,45963.67380169331,8,1,85.53069012915196
19,45992.152816193986,4,1,85.07458561179281
199,45997.92103812326,1,8,79.92817429271946
85,46008.85763912379,7,1,81.4775123654741
264,46010.16600666232,3,1,79.14777065816082
208,46024.00551866771,6,1,88.79684862670678
81,46035.1074036638,1,5,98.10717441855876
222,46035.3879837258,7,1,77.84765082720367
244,46060.55667584799,1,6,74.97191320939336
165,46074.65362319047,3,1,86.999590911338
322,46092.90622633552,7,1,94.37427204046308
59,46094.36165278201,5,1,75.21001074977906
24,46094.8608187167,4,1,92.65013491837561
18,46097.70426852601,4,1,83.19780138867993
34,46115.34593278881,1,5,67.50558828227946
1,46131.17681552355,8,1,103.69128853647327
138,46137.948373168765,7,1,106.0007286872568
340,46144.19470067614,1,5,80.45765867287636
190,46145.64065321279,2,1,92.95100054957513
193,46158.339910959534,5,1,75.82349048182662
325,46174.563401693005,1,3,66.06779161400166
217,46200.409799281086,1,8,59.6764944817298
239,46204.030030234826,7,1,112.87898583447111
252,46205.73915963253,5,1,120.55901508891444
247,46207.522962356896,7,1,80.65098402045243
52,46210.49025804387,2,1,81.83781570006428
312,46223.658816017574,1,7,91.96404589193124
241,46230.950652044456,3,1,80.92454801677025
336,46239.19370653787,4,1,69.542061908986
72,46244.29604248419,3,1,99.26384546092424
337,46247.94049478009,1,7,66.81256646399066
280,46249.94892132764,1,8,66.50326277720545
268,46253.302691798,6,1,95.49871563438674
348,46258.34384466583,6,1,106.53141286382679
168,46260.44916543034,1,6,64.66414639582119
153,46282.53951431121,4,1,87.11619600148771
90,46291.014478510624,1,4,97.96457300177454
246,46309.92323592867,4,1,85.7196397222621
286,46313.583751958395,2,1,111.24933543192014
79,46334.280094746115,1,3,60.18329800292293
45,46347.014764188614,3,5,64.04387922637397
39,46355.2792840939,6,1,112.60205328890774
320,46370.31082309941,1,4,75.49114011317263
53,46373.19447116901,8,1,81.52984895667798
78,46380.60667157773,8,1,90.9329355718395
218,46381.432932861346,6,1,89.40076050830353
281,46388.64933894572,4,1,87.53493726872192
305,46408.95691257954,1,6,85.42360631425537
230,46411.02017663085,3,1,67.4420768716828
344,46416.57968388,7,1,76.46836578013676
161,46420.66511255758,3,1,91.83791910095628
321,46420.95897129294,8,1,96.41452017180877
94,46429.67588970048,6,1,107.57355759498421
342,46431.62895456598,2,1,84.12197109849384
151,46437.05789787587,5,1,75.8978708443448
167,46441.92541972978,2,1,87.44745094511653
118,46444.50083398558,4,1,90.86624683122268
332,46453.611637544964,1,5,93.83847528594973
141,46459.016949955934,2,1,90.66780119986745
163,46471.86860854588,1,7,94.31995389209216
16,46475.598488300224,1,4,75.26763415645715
291,46486.16934389359,7,1,97.19080021940303
31,46504.426860383624,1,6,81.79207705380576
60,46506.30597643121,4,1,90.95187882717646
14,46515.376883897676,1,7,95.35393715846378
106,46527.73003614726,2,1,86.18599243211152
54,46544.01528198747,8,1,82.43226751801022
292,46574.55560547846,7,1,74.18979288799338
86,46585.58492723181,3,1,77.69868661456174
124,46586.020968597084,8,1,89.94618626669839
76,46598.10738080225,1,7,73.73283662720141
192,46601.39497655472,1,5,113.09863145050316
275,46613.59732172417,1,3,74.90382203674281
359,46624.617112522596,3,1,89.68637699151998
352,46626.81228270167,7,1,67.39687937360941
87,46633.89914784028,1,6,68.55327001503532
7,46635.123507450255,1,7,86.281223784778
49,46641.06529182603,8,1,85.28116967664053
119,46641.093246326054,1,3,79.30087862944382
140,46648.68874099741,4,1,65.62857168770329
47,46663.75914445667,2,1,78.90714787341085
175,46680.15988670793,2,1,68.11315395594275
350,46687.03322810862,7,1,84.43338807741087
23,46710.59329628274,1,6,81.96508487187478
219,46718.80707888447,8,1,83.18936864372249
129,46722.61264205293,6,1,66.48406764707607
357,46730.042600803026,1,2,85.42650406938536
216,46736.08640794138,3,1,70.199473696953
262,46737.95221119252,8,1,95.5856094345054
160,46751.327825297776,8,1,104.9647255914625
225,46757.11406721446,1,5,74.13610475937539
356,46762.0270959007,8,1,92.64148104074968
57,46763.688796704126,6,1,73.88402811521563
147,46777.94704188997,6,1,97.94758014633
17,46794.78585641303,2,1,74.30691320569493
345,46800.10763817967,1,5,75.72445766943626
136,46815.54407898474,6,1,82.36539462207463
48,46817.0996611706,3,1,62.16028485955758
187,46830.524038000156,4,1,92.53675883350087
37,46835.7483854472,1,6,95.86262619452734
80,46837.71050129848,1,2,86.39634016914945
197,46841.30766988669,5,1,111.19229942067578
92,46849.63420563535,6,1,82.87491284421668
56,46862.99345968355,6,1,68.47264382752316
191,46870.47019183286,5,1,81.04763641976126
235,46897.079703281765,2,1,85.26598363064794
327,46910.513233636935,2,1,83.13520724146318
360,46911.2118209361,1,6,81.25404193553914
84,46911.96674792531,6,1,79.58126937668166
28,46919.65144691544,1,6,88.68634358067327
289,46920.33498239045,7,1,84.55255283654893
108,46942.863593585964,2,1,94.28967702101045
74,46955.789625409765,1,3,85.96964083493417
341,46968.10338395241,5,1,101.8020822945293
55,46973.28812773453,4,1,69.57815351725674
307,46974.23447894935,1,5,89.84882477265691
194,46999.18657278348,4,2,86.72424005834272
287,47002.6179383114,6,1,71.48424342996233
127,47019.68459669222,5,1,101.9503381590961
202,47024.65977108048,7,1,93.69176958650117
42,47025.55940043118,1,5,78.21757028717224
159,47027.85684812237,6,1,82.37939410546616
253,47042.07631492597,1,5,68.34723937437921
20,47055.701164991944,1,3,97.87144643203732
220,47066.05484952911,6,1,68.19435252798766
21,47067.3654007891,6,1,66.00222881323027
298,47067.62375446062,1,3,63.1003071436922
139,47068.12765651033,1,8,83.21283164593649
27,47083.255614746326,1,3,91.99818641423812
306,47085.81236175142,1,6,86.04901026933172
97,47096.83788476085,1,6,88.02020338200089
228,47098.67835578248,1,8,86.47338479509571
257,47111.341203183474,8,1,69.77483327150316
35,47141.65282413247,1,3,83.30603306234664
12,47144.928519443776,8,1,105.5753334728516
121,47146.15391342055,1,8,99.14861363561054
233,47146.690740234575,1,8,81.00875225169104
41,47152.46707600274,1,4,89.83776597734997
227,47153.34606141637,8,1,117.2528972795482
128,47154.006480720454,1,8,81.28315965875056
213,47156.747404840564,5,1,79.88402166338138
304,47172.597710315604,5,1,95.73729471759587
115,47180.326312655765,7,1,64.31806901647705
224,47181.32480270433,1,4,74.01313599029362
68,47202.61230115597,5,1,106.78246907737204
203,47208.55771654849,3,1,74.52289361234833
204,47213.140606474335,7,1,125.86121341276625
95,47218.534373160655,4,1,91.34819717447488
100,47248.77140570163,4,1,78.5588543218075
214,47269.05805184523,7,1,73.78002994037595
269,47284.81987983207,6,1,67.29902424095255
3,47293.08715424395,7,1,100.6333987750959
318,47300.75647189094,1,5,90.44581785723973
337,47301.38062260359,7,5,66.81256646399066
169,47308.79589499118,1,8,89.52981077226211
186,47314.08856977166,4,1,78.58133927334067
135,47317.3273473608,5,1,70.12797591631346
339,47319.21470290123,1,2,115.94759897505784
182,47322.33361778835,1,4,78.40337197953822
71,47323.20153607822,1,8,101.42731061109357
221,47334.32662750318,2,1,112.18505603855095
145,47338.223441582224,2,1,73.3590079697992
172,47347.3029483073,8,1,73.34864779731207
211,47349.151886751024,5,1,110.17481555687336
177,47354.73273761917,7,1,108.24665052789126
181,47364.71116203887,1,8,80.42821898854709
355,47368.29728851386,5,1,53.81111556506818
157,47374.34817712655,7,1,77.85301958631901
354,47380.966680717844,3,1,98.98883865122514
240,47381.994454073865,1,5,81.42975616677946
255,47385.641830805485,1,3,72.21254599940211
149,47406.17455034703,1,3,79.7744649236051
70,47409.58194742364,8,1,86.39828658951377
26,47415.09897524725,1,5,88.96951676412695
2,47432.55568594038,7,1,77.4377050872285
144,47440.6947649062,1,3,100.64081461889738
290,47445.23419998445,4,1,69.96078653796442
283,47458.35696543622,1,2,64.56887857945563
111,47460.48315539102,1,2,115.44242319349536
22,47462.142140520606,1,6,73.23433779509072
208,47462.973883148064,1,6,88.79684862670678
198,47465.3516626263,6,1,77.08692915768212
328,47467.20698921467,8,2,73.68453879880349
294,47469.40645681358,1,3,92.16777513369041
310,47479.19755511763,1,4,79.43311646319292
102,47488.41981988139,5,1,77.20186878776352
64,47492.49472440253,3,1,105.67030625096587
91,47494.73388061335,8,1,88.27198104384684
75,47498.20599009947,1,8,100.57915276915793
315,47500.121354130875,5,1,83.94293252291554
293,47501.57504169976,1,4,80.9760679916668
143,47508.36664407351,1,3,77.20552740639916
61,47509.2609629197,2,1,57.926682321198015
33,47514.02381913028,3,1,63.52071181030679
270,47521.89740580363,5,1,113.24852510171708
162,47527.15585456949,1,2,116.99141628013177
185,47528.23414942938,3,1,74.46677314218667
104,47528.794778862146,1,8,80.43036835992396
236,47532.52688538281,1,4,80.75093576473486
25,47532.82847529146,1,5,82.95571685393287
96,47578.300823656056,5,1,90.09591868772748
6,47580.31793725096,1,7,74.12123091912599
333,47583.3784011418,1,5,82.56921527556123
338,47592.597137415556,1,4,69.09208692588325
282,47605.21884680447,4,1,70.55142502847072
241,47615.688372083154,1,3,80.92454801677025
88,47620.74969127575,6,1,98.79293001021978
284,47622.49527856518,2,1,104.21030763736144
303,47646.02859730058,1,8,71.91435671644255
330,47655.56049843274,1,5,83.88691377633519
1,47655.61461589129,1,5,103.69128853647327
77,47656.116338863845,1,4,79.42590087006114
272,47660.989197099385,4,1,84.02244370055807
229,47666.516809001216,4,6,120.11758901606674
52,47668.453507586055,1,7,81.83781570006428
353,47671.49715913546,4,1,112.79190528289143
358,47675.86021327549,1,3,82.73638341563327
334,47683.4997224458,5,1,69.42593705471178
243,47686.195089475805,1,5,97.35900448707555
69,47687.746341446444,5,1,88.39179715913659
138,47692.19681579985,1,6,106.0007286872568
223,47701.07002087317,6,1,84.66187856413845
246,47708.28402714587,1,4,85.7196397222621
150,47727.067456392935,3,1,111.22058835986493
153,47728.37554372155,1,4,87.11619600148771
321,47733.78893564954,1,6,96.41452017180877
120,47736.18282799401,4,1,82.17496849612351
331,47746.27376399935,4,1,86.0796417435171
316,47750.72919438683,2,1,53.122163376030436
43,47757.297548943054,5,1,76.10573495707777
50,47762.6597581729,1,3,79.40417627986047
264,47763.37503071313,1,3,79.14777065816082
156,47769.835750952065,5,1,78.44435547120032
89,47770.067156394194,8,1,103.03218243054316
94,47778.80415367594,1,6,107.57355759498421
266,47786.23777919164,7,1,113.31898584161901
252,47801.23452165972,1,5,120.55901508891444
105,47805.617588608635,8,1,81.48935040634282
18,47809.20582448065,1,4,83.19780138867993
239,47809.248081413374,1,7,112.87898583447111
196,47809.63388940352,4,1,81.09234783308109
24,47815.52586098871,1,4,92.65013491837561
317,47821.41564360477,1,5,75.4441466539584
296,47828.50806042794,8,1,84.0248638510126
183,47845.91910658186,6,1,85.5862805500237
53,47853.767844591865,1,3,81.52984895667798
351,47866.33223542572,5,1,95.28165369418622
247,47872.77271327699,1,7,80.65098402045243
299,47876.08210972122,5,1,80.08562665133343
344,47879.290464837264,1,7,76.46836578013676
174,47892.63226661337,7,1,86.37436136969568
45,47901.099774683156,5,1,64.04387922637397
193,47901.80178997823,1,6,75.82349048182662
188,47902.88931635059,7,1,61.169813019968345
19,47906.9828746115,1,4,85.07458561179281
170,47907.46797111958,3,1,68.0530670827605
314,47920.7896885559,1,6,103.20039711291778
130,47921.590902685406,7,1,93.91688883093836
229,47922.836478665224,6,3,120.11758901606674
263,47925.74782632338,2,1,86.98595745829434
238,47929.18589618938,6,1,82.19361526512176
32,47941.03231619739,1,2,88.40527375640254
44,47949.00734454858,1,8,85.53069012915196
161,47953.15384652716,1,2,91.83791910095628
154,47953.65357184601,5,1,82.87301301436699
133,47954.06490110344,1,4,136.07830826817337
271,47957.636710482046,7,1,80.63741289626644
276,47975.94561062542,4,1,64.62382385386964
301,47977.23843796796,4,1,69.94703399829393
231,47986.61647104673,5,1,87.45025375165416
237,47988.178785798096,1,8,73.76535188088516
268,47991.98585978401,1,6,95.49871563438674
165,47992.24852031002,1,3,86.999590911338
11,48009.99966104286,8,3,70.22422251665921
112,48014.52683698598,2,1,111.41730984261905
62,48021.62719357962,6,1,68.28549350334733
279,48022.08940188261,1,5,80.27960074279034
300,48025.602980473166,4,3,85.83806565583791
67,48031.38807269285,8,1,88.18671277522056
38,48045.84320030273,4,1,67.29069263330578
158,48051.07960180262,8,1,77.48119437731658
173,48054.63936484841,4,1,83.33684365994334
218,48056.27667074677,1,3,89.40076050830353
176,48070.00693440739,3,1,66.43500782882137
259,48071.755222429754,2,1,79.75803241441842
190,48080.880151272344,1,2,92.95100054957513
336,48085.5244420541,1,4,69.542061908986
322,48085.95770949665,1,6,94.37427204046308
85,48109.23690718403,1,7,81.4775123654741
350,48115.67635131701,1,7,84.43338807741087
36,48120.29213528767,7,1,71.20503840043774
132,48126.54822960101,4,1,79.17668825332946
323,48148.48535570372,1,2,79.74871085839128
114,48152.16215010781,3,1,79.95687834633881
359,48153.11693297063,1,3,89.68637699151998
277,48156.68177311046,3,1,105.42619619163848
187,48159.33575725333,1,4,92.53675883350087
122,48162.15252116832,1,7,86.32142968736937
86,48164.20444419849,1,3,77.69868661456174
207,48166.59148079044,2,1,113.88563735109682
54,48172.42100134408,1,4,82.43226751801022
219,48185.44331335836,1,4,83.18936864372249
319,48190.44900751994,8,1,87.1596019799032
118,48195.74479280749,1,4,90.86624683122268
106,48217.153100157455,1,4,86.18599243211152
286,48218.376524095955,1,2,111.24933543192014
56,48223.62813091758,1,6,68.47264382752316
148,48236.06657922465,2,1,86.43527993484348
167,48238.665396449345,1,8,87.44745094511653
21,48249.08036342188,1,6,66.00222881323027
10,48249.75080409324,5,1,102.86679459056928
215,48256.73949441963,8,1,61.29340793800563
109,48262.21822568995,7,1,87.83820053286411
326,48275.312453171326,5,1,93.15563323004925
155,48279.61121439736,3,1,68.57659393371554
258,48282.20178667006,4,1,83.78075242249142
184,48282.89094244358,2,1,107.22930020670111
30,48287.67487710116,3,1,93.56763462082625
107,48289.35083469453,8,1,78.77779308766581
297,48295.41589196423,2,1,110.45668920081549
141,48328.77117339974,1,3,90.66780119986745
146,48342.42195722606,3,1,78.19387764900954
348,48345.17621167147,1,6,106.53141286382679
59,48366.17955860239,1,5,75.21001074977906
48,48369.79635658331,1,3,62.16028485955758
178,48378.44915833037,6,1,112.43846122728873
101,48380.164045475416,8,1,102.99641264444725
214,48386.78515365966,1,7,73.78002994037595
47,48396.122119238156,1,2,78.90714787341085
63,48397.22333941157,7,1,57.24578768951188
197,48408.330003556606,1,5,111.19229942067578
57,48411.58796847012,1,7,73.88402811521563
108,48413.19184754079,1,2,94.28967702101045
352,48418.971099865856,1,2,67.39687937360941
39,48427.320030316114,1,6,112.60205328890774
356,48427.79258732603,1,8,92.64148104074968
72,48438.48212176998,1,3,99.26384546092424
342,48445.94395242217,1,2,84.12197109849384
13,48472.361624982084,7,1,77.01046779627102
281,48480.49249166547,1,6,87.53493726872192
40,48487.72411129267,4,1,73.23118865959368
216,48491.013650305635,1,3,70.199473696953
180,48498.75543867379,5,1,79.23824683318743
260,48503.207363836686,3,1,96.39851418436811
230,48520.4666092683,1,3,67.4420768716828
222,48526.13735910761,1,7,77.84765082720367
151,48533.52338809482,1,5,75.8978708443448
312,48538.599282128525,7,5,91.96404589193124
191,48543.54968625102,1,5,81.04763641976126
124,48555.41349925247,1,8,89.94618626669839
78,48573.70588019145,1,8,90.9329355718395
17,48591.96703692129,1,2,74.30691320569493
160,48601.91034349675,1,8,104.9647255914625
60,48613.063646759416,1,5,90.95187882717646
202,48613.7815787335,1,7,93.69176958650117
302,48616.11989920487,4,1,77.47435679415754
349,48632.05678232134,8,1,106.66377968015694
69,48637.3840837961,1,5,88.39179715913659
129,48637.58234172709,1,6,66.48406764707607
49,48663.670070337954,1,8,85.28116967664053
147,48697.901758177024,1,6,97.94758014633
220,48699.59040207577,1,6,68.19435252798766
327,48711.759942530916,1,5,83.13520724146318
291,48712.989725841675,1,7,97.19080021940303
140,48713.27500541311,1,4,65.62857168770329
84,48721.653641711775,1,5,79.58126937668166
82,48730.32041560179,8,1,67.29575710013955
287,48731.31422467687,1,6,71.48424342996233
5,48736.236635849236,2,1,61.56443146297545
257,48770.647525560315,1,8,69.77483327150316
159,48776.07388228381,1,6,82.37939410546616
15,48784.674470826736,2,1,94.80866595919746
292,48784.78081252626,1,4,74.18979288799338
304,48791.40230601409,1,5,95.73729471759587
245,48807.49330302866,8,1,74.04672727913304
235,48812.61517882232,1,2,85.26598363064794
328,48817.18941372326,2,1,73.68453879880349
343,48823.60415270446,4,1,73.09203275984177
164,48826.693566859845,8,1,85.91555389595018
262,48837.49944313353,1,8,95.5856094345054
204,48859.037108956,1,7,125.86121341276625
213,48884.29577718748,1,6,79.88402166338138
324,48885.76275895462,8,1,87.14795358823723
203,48904.02024497453,1,3,74.52289361234833
250,48909.90312117632,4,1,85.43086246629528
92,48921.9223975013,1,6,82.87491284421668
46,48933.64125357594,4,1,82.09248867125389
221,48939.91918133939,1,2,112.18505603855095
282,48943.791389161735,1,4,70.55142502847072
311,48952.654320595044,4,1,66.27470089090741
55,48961.00265931763,1,7,69.57815351725674
211,48961.12240789295,1,5,110.17481555687336
269,48968.978462653395,1,6,67.29902424095255
261,48979.69124689774,8,1,73.35687332991972
289,48989.32681432704,1,7,84.55255283654893
68,48994.31465751109,1,5,106.78246907737204
12,49003.5799092437,1,8,105.5753334728516
175,49017.99484039094,1,6,68.11315395594275
100,49040.63074249034,1,4,78.5588543218075
91,49044.00265344261,1,8,88.27198104384684
3,49050.160003028876,1,7,100.6333987750959
267,49051.40927695153,7,1,78.4583078777511
309,49055.008525456265,7,1,100.44807923482794
127,49065.41338064996,1,5,101.9503381590961
95,49088.377490077735,1,4,91.34819717447488
223,49094.468976180884,1,5,84.66187856413845
11,49094.5315947791,3,1,70.22422251665921
53,49126.43382094907,3,7,81.52984895667798
9,49138.82620132118,3,1,73.93813498947254
270,49143.01690704654,1,5,113.24852510171708
135,49154.688603912815,1,5,70.12797591631346
96,49160.811423660656,1,5,90.09591868772748
170,49161.14082134776,1,4,68.0530670827605
172,49162.1848289232,1,8,73.34864779731207
355,49162.345088107664,1,5,53.81111556506818
171,49164.26367814628,8,1,80.69986972019161
98,49170.09723283988,6,1,85.09197517848847
308,49172.439849630726,7,1,63.64926773744722
254,49172.51358932122,6,1,64.18976472557014
145,49175.78868750113,1,2,73.3590079697992
161,49202.6332313937,2,5,91.83791910095628
33,49220.44114081608,1,7,63.52071181030679
152,49226.883554413565,6,1,71.94606388431336
295,49240.64547161027,2,1,88.03874989785128
286,49246.53189494561,2,8,111.24933543192014
125,49251.78745915634,8,1,74.68340651650274
179,49253.58055635431,2,6,78.85280011249631
227,49271.13517125105,1,8,117.2528972795482
136,49275.02719894312,1,2,82.36539462207463
120,49277.16395654331,1,4,82.17496849612351
244,49278.534568214935,6,7,74.97191320939336
351,49282.7456129051,1,6,95.28165369418622
115,49284.91822590746,1,7,64.31806901647705
263,49302.907025101704,1,2,86.98595745829434
174,49324.60841861747,1,7,86.37436136969568
283,49334.44269595377,2,5,64.56887857945563
157,49337.52404139604,1,7,77.85301958631901
226,49345.36991948754,5,1,64.27705321818146
196,49359.85677700725,1,4,81.09234783308109
341,49360.06580429285,1,5,101.8020822945293
300,49362.11583037697,3,1,85.83806565583791
185,49370.45329954698,1,3,74.46677314218667
62,49378.159400780554,1,6,68.28549350334733
331,49378.325850842935,1,4,86.0796417435171
177,49401.01691036292,1,7,108.24665052789126
186,49402.68053545461,1,4,78.58133927334067
38,49405.11438383857,1,4,67.29069263330578
61,49417.97437728725,1,2,57.926682321198015
272,49428.14360757584,1,4,84.02244370055807
195,49452.92505257592,7,1,74.78295183441821
89,49474.76940195095,1,2,103.03218243054316
353,49478.63829056523,1,4,112.79190528289143
158,49497.20675633165,1,8,77.48119437731658
290,49499.315145763096,1,4,69.96078653796442
210,49520.11246139861,5,1,81.83900610689987
183,49556.680515669344,1,8,85.5862805500237
70,49558.19418538147,1,8,86.39828658951377
64,49565.30654941476,1,3,105.67030625096587
154,49566.39853172916,1,5,82.87301301436699
24,49571.992153186024,4,7,92.65013491837561
319,49578.968762080614,1,8,87.1596019799032
238,49585.68178251477,1,6,82.19361526512176
248,49589.84337777255,6,1,102.70992339256779
299,49597.108605803594,1,4,80.08562665133343
259,49623.13557698792,1,6,79.75803241441842
271,49624.89643006027,1,7,80.63741289626644
190,49627.07677602119,2,5,92.95100054957513
88,49636.94010603492,1,2,98.79293001021978
112,49638.88303277656,1,2,111.41730984261905
249,49645.873239124,8,1,84.2404907927397
10,49650.926837666775,1,5,102.86679459056928
284,49651.85708692778,1,2,104.21030763736144
326,49656.007298208555,1,5,93.15563323004925
43,49671.08999761758,1,5,76.10573495707777
126,49678.69193474655,2,1,103.22109814116905
156,49680.35999925425,1,5,78.44435547120032
146,49699.17931359234,1,3,78.19387764900954
189,49707.126788665235,7,1,67.4373690195031
315,49721.263065285675,1,5,83.94293252291554
150,49723.71881713519,1,5,111.22058835986493
176,49757.49966718849,1,3,66.43500782882137
2,49772.68370119807,1,7,77.4377050872285
67,49774.52415141463,1,8,88.18671277522056
205,49783.274486744325,2,1,96.0076076916761
102,49784.43782452424,1,5,77.20186878776352
5,49787.5575758595,1,5,61.56443146297545
142,49806.037105373,3,1,97.95432647628041
198,49807.82614050417,1,6,77.08692915768212
296,49829.37274084814,1,8,84.0248638510126
334,49846.90047380293,1,5,69.42593705471178
266,49850.71285381735,1,4,113.31898584161901
201,49865.564636339644,2,1,82.85930463185777
30,49888.03640353206,1,3,93.56763462082625
200,49894.15611711638,5,1,73.4379487171215
45,49911.13967915224,1,8,64.04387922637397
114,49916.63677003153,1,3,79.95687834633881
107,49935.9111513847,1,8,78.77779308766581
130,49936.82867588693,1,5,93.91688883093836
354,49938.55005103728,1,6,98.98883865122514
283,49940.81371511209,5,8,64.56887857945563
65,49961.75807968391,5,1,116.50456624895253
258,49965.87436689448,1,8,83.78075242249142
357,49982.53141800886,2,8,85.42650406938536
207,49992.112807133446,1,2,113.88563735109682
301,49999.80966340087,1,4,69.94703399829393
40,50029.33029033942,1,4,73.23118865959368
173,50029.90735320983,1,4,83.33684365994334
242,50031.26297633997,4,1,102.87607524205623
155,50051.844142006485,1,7,68.57659393371554
109,50074.969809698676,1,7,87.83820053286411
276,50097.937396266374,1,4,64.62382385386964
132,50099.33083925436,1,4,79.17668825332946
297,50105.254444901686,1,2,110.45668920081549
188,50105.45272879834,1,7,61.169813019968345
36,50112.46596043496,1,7,71.20503840043774
184,50127.00031271276,1,2,107.22930020670111
311,50143.59557799189,1,4,66.27470089090741
316,50145.12068500745,1,2,53.122163376030436
349,50145.59791099889,1,8,106.66377968015694
277,50160.585819013446,1,3,105.42619619163848
194,50164.88326364548,2,1,86.72424005834272
101,50172.6983482175,1,3,102.99641264444725
63,50177.39322561132,1,7,57.24578768951188
180,50190.51297419221,1,5,79.23824683318743
20,50193.15632002407,3,6,97.87144643203732
105,50195.89673507452,1,3,81.48935040634282
209,50244.5542352857,6,1,82.87010604660624
231,50280.61180616064,1,5,87.45025375165416
46,50324.98667889067,1,4,82.09248867125389
82,50325.6825083476,1,8,67.29575710013955
215,50337.432719641045,1,8,61.29340793800563
93,50353.441127456776,5,1,65.24322106759182
295,50355.714178144306,1,2,88.03874989785128
13,50374.10075538647,1,7,77.01046779627102
148,50390.489455995244,1,2,86.43527993484348
260,50393.33136954288,1,3,96.39851418436811
328,50437.7406870859,1,4,73.68453879880349
164,50484.74263456558,1,8,85.91555389595018
175,50547.61512499368,6,7,68.11315395594275
267,50549.98282776069,1,7,78.4583078777511
319,50553.5376644837,8,7,87.1596019799032
343,50558.75662264219,1,4,73.09203275984177
308,50562.71137253326,1,7,63.64926773744722
251,50582.6469970704,7,1,74.79809938083959
125,50591.676788401746,1,3,74.68340651650274
52,50628.80668196327,7,2,81.83781570006428
250,50634.82750441045,1,4,85.43086246629528
179,50655.89579917213,6,1,78.85280011249631
128,50671.5477550114,8,7,81.28315965875056
178,50717.39388552426,1,6,112.43846122728873
152,50723.821990749486,1,8,71.94606388431336
261,50780.45717231524,1,8,73.35687332991972
309,50786.23621851611,1,7,100.44807923482794
195,50788.3074486062,1,7,74.78295183441821
137,50820.503488579714,8,1,106.03448681310203
322,50835.18854606131,6,3,94.37427204046308
339,50845.432968406196,2,6,115.94759897505784
324,50846.76421274849,1,3,87.14795358823723
15,50879.88106944316,1,2,94.80866595919746
302,50984.320739751376,1,4,77.47435679415754
29,50993.38801240759,6,1,105.37411614823348
146,50993.76704894618,3,4,78.19387764900954
210,51016.66955395229,1,3,81.83900610689987
254,51044.89601068304,1,6,64.18976472557014
245,51112.37354484175,1,8,74.04672727913304
171,51143.766281258555,1,8,80.69986972019161
226,51159.4565258375,1,5,64.27705321818146
11,51160.43378169936,1,5,70.22422251665921
9,51195.302240701705,1,3,73.93813498947254
205,51196.49089786137,1,2,96.0076076916761
20,51204.86344249721,6,4,97.87144643203732
249,51231.90712337217,1,8,84.2404907927397
234,51250.31277482891,2,1,84.54229321505727
83,51275.04231565115,2,1,84.77329851653874
108,51364.84426722917,2,6,94.28967702101045
248,51373.90059608905,1,6,102.70992339256779
300,51423.93459496931,1,3,85.83806565583791
98,51432.17083571087,1,6,85.09197517848847
170,51464.6158905838,4,2,68.0530670827605
242,51466.10368571807,1,4,102.87607524205623
194,51482.97555740563,1,4,86.72424005834272
189,51528.51110079444,1,7,67.4373690195031
223,51558.684141407386,5,4,84.66187856413845
97,51575.15341479159,6,2,88.02020338200089
306,51611.158348501536,6,4,86.04901026933172
201,51635.17448072793,1,2,82.85930463185777
32,51772.478082090296,2,5,88.40527375640254
161,51777.39002127699,5,3,91.83791910095628
27,51779.63949065002,3,4,91.99818641423812
142,51805.336876859656,1,2,97.95432647628041
126,51881.289101481474,1,2,103.22109814116905
200,51905.32546985248,1,5,73.4379487171215
261,52017.482696332634,8,5,73.35687332991972
117,52108.936738179196,7,1,82.2459295335141
276,52151.531309698024,4,8,64.62382385386964
209,52167.90954561238,1,6,82.87010604660624
232,52175.25027203627,6,5,79.21767001913207
321,52177.29159872421,6,3,96.41452017180877
65,52279.598588933215,1,5,116.50456624895253
93,52372.94464595677,1,5,65.24322106759182
251,52384.63863688334,1,7,74.79809938083959
194,52503.746784188545,4,6,86.72424005834272
223,52561.69249544502,4,5,84.66187856413845
227,52679.507486639246,8,5,117.2528972795482
258,52683.91916703427,8,5,83.78075242249142
193,52687.66213467259,6,7,75.82349048182662
218,52693.75703519922,3,6,89.40076050830353
137,52702.40314849671,1,8,106.03448681310203
283,52727.44534474641,8,5,64.56887857945563
179,52767.14551317137,1,4,78.85280011249631
158,52793.36117150677,8,4,77.48119437731658
29,52847.47672332428,1,6,105.37411614823348
162,53091.29156551634,2,8,116.99141628013177
322,53185.96725735607,3,7,94.37427204046308
234,53190.290750485554,1,7,84.54229321505727
138,53259.36728737182,6,5,106.0007286872568
303,53309.09780985727,8,4,71.91435671644255
294,53309.98632801197,3,4,92.16777513369041
83,53352.67397651715,1,2,84.77329851653874
105,53412.6830911488,3,5,81.48935040634282
104,53622.00589478627,8,4,80.43036835992396
273,53733.261747783916,2,7,68.94910568948718
357,53817.99393568308,8,6,85.42650406938536
213,53836.25632775831,6,2,79.88402166338138
55,53916.607444875604,7,8,69.57815351725674
32,53920.6233979966,5,6,88.40527375640254
52,54047.555724497,2,3,81.83781570006428
95,54151.41110136779,4,6,91.34819717447488
117,54157.631357627004,1,7,82.2459295335141
219,54176.89517964016,4,3,83.18936864372249
142,54240.644474507586,2,8,97.95432647628041
252,54408.775360506996,5,7,120.55901508891444
66,54443.51595994343,3,2,80.85602129492223
163,54461.06832781663,7,5,94.31995389209216
193,54647.57122735535,7,6,75.82349048182662
183,54776.62978670923,8,5,85.5862805500237
32,55176.40015857802,6,2,88.40527375640254
152,55260.597641600296,8,5,71.94606388431336
61,55382.33941409167,2,5,57.926682321198015
205,55581.649325633065,2,7,96.0076076916761
236,55582.35894057227,4,7,80.75093576473486
311,55611.89020041673,4,6,66.27470089090741
108,55616.22266867632,6,5,94.28967702101045
178,55641.91736132715,6,7,112.43846122728873
146,55769.12378416752,4,7,78.19387764900954
260,55781.32415101398,3,8,96.39851418436811
95,55882.163299664775,6,3,91.34819717447488
286,55912.32874612168,8,7,111.24933543192014
181,55954.62536447549,8,7,80.42821898854709
244,55979.41721900126,7,5,74.97191320939336
234,55982.14458169013,7,2,84.54229321505727
316,55996.41114903148,2,7,53.122163376030436
61,56168.37656463979,5,8,57.926682321198015
276,56236.1533261584,8,7,64.62382385386964
104,56307.25413639323,4,3,80.43036835992396
276,56361.52859702954,7,4,64.62382385386964
147,56421.69331909207,6,5,97.94758014633
53,56446.9343510708,7,8,81.52984895667798
206,56451.33383053345,8,3,70.98970732640853
232,56479.25675751266,5,2,79.21767001913207
138,56550.60384698939,5,1,106.0007286872568
7,56561.35309959277,7,8,86.281223784778
167,56679.53990984434,8,2,87.44745094511653
252,56908.366060920824,7,4,120.55901508891444
17,57084.33788305391,2,1,74.30691320569493
32,57098.051676843366,2,1,88.40527375640254
85,57127.32221962912,7,1,81.4775123654741
293,57154.42713232089,4,1,80.9760679916668
84,57371.82511563887,5,2,79.58126937668166
206,57388.51224268507,3,2,70.98970732640853
27,57524.20646511775,4,7,91.99818641423812
348,57599.218087178095,6,1,106.53141286382679
282,57641.37557138437,4,1,70.55142502847072
311,57670.85223408667,6,4,66.27470089090741
253,57685.284426898055,5,8,68.34723937437921
294,57714.3298997229,4,1,92.16777513369041
20,57842.08951535332,4,1,97.87144643203732
243,57883.097644419104,5,2,97.35900448707555
316,57923.87859643432,7,1,53.122163376030436
61,58053.90555610972,8,1,57.926682321198015
119,58062.00767332185,3,7,79.30087862944382
207,58108.88729734281,2,1,113.88563735109682
34,58117.88927018655,5,1,67.50558828227946
261,58155.6614664125,5,1,73.35687332991972
284,58164.22424522536,2,1,104.21030763736144
196,58207.91372410662,4,1,81.09234783308109
137,58225.50460673091,8,5,106.03448681310203
69,58229.103573833636,5,1,88.39179715913659
332,58286.383103481916,5,1,93.83847528594973
343,58325.50060382765,4,1,73.09203275984177
89,58336.73723298883,2,8,103.03218243054316
290,58358.49689501556,4,1,69.96078653796442
93,58410.27471678568,5,1,65.24322106759182
82,58429.898799954244,8,1,67.29575710013955
158,58492.70151070815,4,3,77.48119437731658
325,58512.46746149715,3,1,66.06779161400166
360,58515.51765956556,6,1,81.25404193553914
60,58523.24601948788,5,2,90.95187882717646
170,58529.13499110004,2,3,68.0530670827605
54,58538.51079531427,4,1,82.43226751801022
124,58596.33986640729,8,1,89.94618626669839
210,58608.88391782739,3,8,81.83900610689987
297,58622.726897508604,2,1,110.45668920081549
260,58629.11590964227,8,2,96.39851418436811
280,58694.68418683526,8,1,66.50326277720545
66,58710.45067758354,2,1,80.85602129492223
262,58733.13947251438,8,1,95.5856094345054
192,58826.95272582803,5,1,113.09863145050316
232,58845.149452142534,2,1,79.21767001913207
65,58865.20047810859,5,1,116.50456624895253
148,58875.45622184372,2,1,86.43527993484348
10,58913.72495089983,5,1,102.86679459056928
247,58929.17011065392,7,1,80.65098402045243
97,58937.02510680719,2,1,88.02020338200089
236,58944.67486446093,7,5,80.75093576473486
295,58961.88107398848,2,1,88.03874989785128
193,59012.21767858122,6,1,75.82349048182662
121,59040.75462330921,8,1,99.14861363561054
215,59106.651685494944,8,1,61.29340793800563
86,59116.80248551177,3,1,77.69868661456174
249,59143.90277560045,8,1,84.2404907927397
311,59167.25598771993,4,1,66.27470089090741
101,59182.387726325134,3,8,102.99641264444725
195,59202.99694531474,7,1,74.78295183441821
100,59230.21375018666,4,1,78.5588543218075
264,59293.07804228374,3,1,79.14777065816082
89,59311.65819138649,8,1,103.03218243054316
324,59316.505285066785,3,1,87.14795358823723
358,59328.55527112361,3,8,82.73638341563327
168,59328.69138155797,6,1,64.66414639582119
355,59335.1921022201,5,1,53.81111556506818
228,59336.4907878153,8,1,86.47338479509571
179,59346.32371210955,4,1,78.85280011249631
177,59363.906148063215,7,1,108.24665052789126
346,59364.199109460125,8,1,58.629589462721206
48,59375.17893965834,3,1,62.16028485955758
300,59405.14829448295,3,1,85.83806565583791
223,59417.0748227373,5,1,84.66187856413845
338,59425.27148393334,4,1,69.09208692588325
42,59469.481082641985,5,1,78.21757028717224
176,59476.84827377104,3,1,66.43500782882137
50,59479.4859014244,3,1,79.40417627986047
216,59512.995865132565,3,1,70.199473696953
136,59513.02467932331,2,1,82.36539462207463
318,59524.6995635101,5,1,90.44581785723973
337,59529.97517555955,5,1,66.81256646399066
170,59548.25805887506,3,1,68.0530670827605
52,59549.0890329055,3,1,81.83781570006428
130,59555.117016883756,5,1,93.91688883093836
154,59562.108260839974,5,1,82.87301301436699
41,59605.48366425842,4,1,89.83776597734997
13,59608.14502792535,7,1,77.01046779627102
312,59616.10746447384,5,7,91.96404589193124
340,59622.78126377845,5,1,80.45765867287636
226,59635.8481437986,5,1,64.27705321818146
45,59649.361675512635,8,1,64.04387922637397
47,59653.77291843693,2,1,78.90714787341085
353,59672.16167039157,4,1,112.79190528289143
78,59677.0246458418,8,1,90.9329355718395
285,59685.68641934594,7,1,87.42874665822339
155,59713.13592978157,7,5,68.57659393371554
68,59715.89149380722,5,1,106.78246907737204
279,59718.81686481739,5,1,80.27960074279034
92,59736.51843408095,6,1,82.87491284421668
158,59760.19979603583,3,1,77.48119437731658
49,59769.51728166316,8,1,85.28116967664053
104,59783.26097833117,3,1,80.43036835992396
266,59794.77866217481,4,1,113.31898584161901
142,59801.51730426715,8,1,97.95432647628041
103,59811.615554830656,8,1,81.06264640842971
27,59827.64493745852,7,1,91.99818641423812
35,59866.308208022216,3,1,83.30603306234664
302,59875.38717999585,4,1,77.47435679415754
254,59910.93025169648,6,1,64.18976472557014
281,59952.164401547256,6,1,87.53493726872192
188,59965.84022575829,7,1,61.169813019968345
110,59971.060140115274,6,1,88.4033231534142
256,60006.06815075988,5,1,58.35956362415241
107,60017.6821940729,8,1,78.77779308766581
169,60024.80827988817,8,1,89.52981077226211
263,60038.672539112486,2,1,86.98595745829434
197,60044.076189347084,5,1,111.19229942067578
157,60087.13780456151,7,1,77.85301958631901
306,60136.38108166746,4,5,86.04901026933172
287,60166.88493384889,6,1,71.48424342996233
95,60169.970262192925,3,5,91.34819717447488
96,60171.6368513614,5,1,90.09591868772748
151,60178.46865131454,5,1,75.8978708443448
79,60183.77004670132,3,1,60.18329800292293
139,60198.79711627324,8,1,83.21283164593649
133,60208.834876639834,4,1,136.07830826817337
163,60220.26543629281,5,1,94.31995389209216
28,60223.8795680826,6,1,88.68634358067327
283,60224.49999599491,5,1,64.56887857945563
113,60231.523335179845,7,1,111.96067351472774
105,60238.88320465157,5,1,81.48935040634282
224,60247.328447315806,4,1,74.01313599029362
185,60282.18754655475,3,1,74.46677314218667
152,60308.15497945966,5,1,71.94606388431336
276,60315.741159059886,4,1,64.62382385386964
147,60317.11633321512,5,1,97.94758014633
9,60317.73763357298,3,1,73.93813498947254
218,60324.79423796476,6,1,89.40076050830353
238,60325.57723219472,6,1,82.19361526512176
301,60331.396855885454,4,7,69.94703399829393
309,60365.63988619118,7,1,100.44807923482794
90,60379.24130789734,4,8,97.96457300177454
246,60386.740728004326,4,1,85.7196397222621
321,60389.46636543978,3,1,96.41452017180877
217,60395.557766351776,8,1,59.6764944817298
31,60421.29178808434,6,1,81.79207705380576
342,60433.77336232048,2,1,84.12197109849384
267,60447.91089415744,7,1,78.4583078777511
2,60452.62421897501,7,1,77.4377050872285
323,60492.65172636415,2,1,79.74871085839128
222,60501.933255314085,7,1,77.84765082720367
310,60506.08617109815,4,1,79.43311646319292
181,60519.30554634452,7,1,80.42821898854709
210,60543.86361221353,8,1,81.83900610689987
201,60548.71346679183,2,1,82.85930463185777
1,60549.382551516544,5,1,103.69128853647327
3,60564.118530068015,7,1,100.6333987750959
30,60568.97872328476,3,1,93.56763462082625
74,60583.120841132564,3,1,85.96964083493417
292,60587.517048900656,4,1,74.18979288799338
288,60591.63033856205,5,1,92.09524866220796
299,60593.349664891066,4,1,80.08562665133343
359,60630.09526648248,3,1,89.68637699151998
67,60634.69167325288,8,1,88.18671277522056
272,60655.36691678493,4,1,84.02244370055807
109,60687.051929052475,7,1,87.83820053286411
211,60701.97756764897,5,1,110.17481555687336
190,60726.40314486747,5,1,92.95100054957513
122,60727.490683025455,7,1,86.32142968736937
98,60744.7741250836,6,1,85.09197517848847
289,60748.182247793746,7,1,84.55255283654893
129,60748.29163437202,6,1,66.48406764707607
328,60762.82514300786,4,1,73.68453879880349
265,60812.828187179446,8,1,73.53108799696346
278,60828.30272747149,8,1,81.66964603273885
212,60868.73077268545,6,1,62.39683919036694
156,60884.62200667473,5,1,78.44435547120032
239,60886.99764684344,7,1,112.87898583447111
315,60887.89909441167,5,1,83.94293252291554
203,60892.74272683898,3,1,74.52289361234833
44,60904.21680265754,8,1,85.53069012915196
200,60911.55423559388,5,1,73.4379487171215
235,60914.734613295455,2,1,85.26598363064794
291,60916.27688764216,7,1,97.19080021940303
270,60956.8370041031,5,1,113.24852510171708
83,60969.34267608798,2,1,84.77329851653874
241,60977.62311843179,3,1,80.92454801677025
336,60994.27325899602,4,1,69.542061908986
244,61001.37918050544,5,1,74.97191320939336
7,61011.35087993888,8,1,86.281223784778
71,61020.86580864731,8,1,101.42731061109357
204,61033.628787491565,7,1,125.86121341276625
15,61033.93745270629,2,1,94.80866595919746
64,61041.93762168717,3,1,105.67030625096587
143,61056.53611402783,3,1,77.20552740639916
199,61089.04869775795,8,1,79.92817429271946
165,61104.45936561678,3,1,86.999590911338
144,61106.71229863283,3,1,100.64081461889738
114,61140.90473856524,3,1,79.95687834633881
307,61177.268399987785,5,1,89.84882477265691
233,61183.07655110634,8,1,81.00875225169104
19,61184.62133232742,4,1,85.07458561179281
198,61200.354672065056,6,1,77.08692915768212
175,61219.042967064066,7,1,68.11315395594275
25,61225.96901539468,5,1,82.95571685393287
250,61234.3362899741,4,1,85.43086246629528
314,61238.111276108735,6,1,103.20039711291778
214,61255.59223023352,7,1,73.78002994037595
327,61255.71456752211,5,1,83.13520724146318
180,61302.793996415545,5,1,79.23824683318743
333,61316.638127322236,5,1,82.56921527556123
301,61323.81214634021,7,1,69.94703399829393
260,61324.514897829096,2,1,96.39851418436811
339,61329.459799265074,6,1,115.94759897505784
271,61329.741277848174,7,1,80.63741289626644
26,61338.441007973284,5,1,88.96951676412695
298,61340.122895770146,3,1,63.1003071436922
240,61370.66857303801,5,1,81.42975616677946
341,61375.739823823984,5,1,101.8020822945293
253,61392.58988885873,8,1,68.34723937437921
77,61413.81399001864,4,1,79.42590087006114
221,61445.555434464564,2,1,112.18505603855095
128,61468.15846714564,7,1,81.28315965875056
63,61475.000082907165,7,1,57.24578768951188
60,61491.45669851407,2,1,90.95187882717646
329,61534.7538848915,3,1,62.01502089968264
229,61540.827490052776,3,1,120.11758901606674
191,61580.426495163745,5,1,81.04763641976126
304,61589.93128829551,5,1,95.73729471759587
159,61589.94337443446,6,1,82.37939410546616
145,61626.32865141137,2,1,73.3590079697992
308,61669.628073528125,7,1,63.64926773744722
305,61697.645287041305,6,1,85.42360631425537
80,61708.605647564575,2,1,86.39634016914945
208,61723.44449835883,6,1,88.79684862670678
131,61725.503407423195,2,1,85.77804372708943
326,61732.88298453618,5,1,93.15563323004925
126,61744.16068368085,2,1,103.22109814116905
14,61751.705313494385,7,1,95.35393715846378
225,61779.31185569264,5,1,74.13610475937539
90,61796.26018689981,8,1,97.96457300177454
36,61809.79056411159,7,1,71.20503840043774
345,61817.735293784455,5,1,75.72445766943626
220,61821.99642143726,6,1,68.19435252798766
135,61839.15430699305,5,1,70.12797591631346
21,61844.07204128992,6,1,66.00222881323027
273,61876.58922918753,7,1,68.94910568948718
91,61878.056483307904,8,1,88.27198104384684
75,61882.79797927718,8,1,100.57915276915793
95,61904.092933611224,5,1,91.34819717447488
108,61910.41945493287,5,1,94.28967702101045
33,61913.34046247194,7,1,63.52071181030679
174,61920.531415484744,7,1,86.37436136969568
358,61926.46902322121,8,1,82.73638341563327
127,61933.56812073609,5,1,101.9503381590961
187,61941.090926074525,4,1,92.53675883350087
357,61987.521266054486,6,1,85.42650406938536
306,61999.45866118279,5,1,86.04901026933172
171,62008.360296963736,8,1,80.69986972019161
166,62017.406412198834,5,1,76.16950813136538
141,62026.435224623114,3,1,90.66780119986745
23,62047.296885779346,6,1,81.96508487187478
227,62055.09959823713,5,1,117.2528972795482
8,62065.41092331879,3,1,50.100730197777295
119,62086.15449676721,7,1,79.30087862944382
57,62121.69920489892,7,1,73.88402811521563
111,62127.43195355813,2,1,115.44242319349536
236,62131.172734144166,5,1,80.75093576473486
102,62152.0330930865,5,1,77.20186878776352
186,62153.3705900882,4,1,78.58133927334067
101,62196.126848736516,8,1,102.99641264444725
106,62196.7160817765,4,1,86.18599243211152
322,62203.44008080639,7,1,94.37427204046308
116,62212.76714681359,8,1,79.56302261041847
206,62233.59069973327,2,1,70.98970732640853
37,62256.91597164926,6,1,95.86262619452734
330,62257.7272904135,5,1,83.88691377633519
234,62285.12166273321,2,1,84.54229321505727
219,62311.82503787898,3,1,83.18936864372249
243,62318.09941965965,2,1,97.35900448707555
73,62330.66491351735,8,1,118.85293794850473
161,62351.10863630802,3,1,91.83791910095628
153,62363.07259000506,4,1,87.11619600148771
347,62388.25720771421,3,1,90.686428229632
132,62436.70285274777,4,1,79.17668825332946
257,62452.19981917347,8,1,69.77483327150316
317,62461.93654379306,5,1,75.4441466539584
140,62462.42447249407,4,1,65.62857168770329
334,62463.22086968013,5,1,69.42593705471178
286,62472.70293425791,7,1,111.24933543192014
146,62498.83606146788,7,1,78.19387764900954
331,62499.223353519024,4,1,86.0796417435171
259,62507.068974103255,6,1,79.75803241441842
252,62513.81767382414,4,1,120.55901508891444
29,62524.4500407307,6,1,105.37411614823348
117,62527.6659253104,7,1,82.2459295335141
40,62532.946210387956,4,1,73.23118865959368
99,62546.400268742465,8,1,67.42323510561388
88,62556.04702189124,2,1,98.79293001021978
312,62558.46798115533,7,1,91.96404589193124
202,62559.173884560245,7,1,93.69176958650117
155,62569.919794448586,5,1,68.57659393371554
4,62618.65173893922,6,1,78.42400179900046
173,62661.449422538004,4,1,83.33684365994334
11,62676.81406638393,5,3,70.22422251665921
344,62678.20988310741,7,1,76.46836578013676
194,62685.78080407724,6,7,86.72424005834272
43,62690.357313069806,5,1,76.10573495707777
125,62698.035361981165,3,1,74.68340651650274
275,62736.24048279049,3,1,74.90382203674281
320,62739.382041066456,4,1,75.49114011317263
56,62758.76909639063,6,1,68.47264382752316
162,62766.098201447065,8,1,116.99141628013177
53,62811.51178101859,8,1,81.52984895667798
12,62822.92691087235,8,1,105.5753334728516
319,62825.04806504464,7,1,87.1596019799032
230,62854.446300058255,3,1,67.4420768716828
137,62903.672776241816,5,1,106.03448681310203
184,62960.36626360617,2,1,107.22930020670111
38,62972.47090701803,4,1,67.29069263330578
51,62991.32799443949,6,1,70.45242480670285
46,63017.10051677678,4,1,82.09248867125389
248,63023.93748954346,6,1,102.70992339256779
182,63030.40262141046,4,1,78.40337197953822
24,63039.38697540486,7,1,92.65013491837561
70,63056.101753434,8,1,86.39828658951377
251,63095.795814042096,7,1,74.79809938083959
213,63132.09908167643,2,1,79.88402166338138
72,63139.12699966282,3,1,99.26384546092424
59,63206.44898507408,5,1,75.21001074977906
189,63209.79805899377,7,1,67.4373690195031
255,63213.33387174352,3,1,72.21254599940211
172,63236.93765821187,8,1,73.34864779731207
354,63251.72627297457,6,1,98.98883865122514
349,63266.255299421515,8,1,106.66377968015694
120,63271.28745782944,4,1,82.17496849612351
87,63285.34406522957,6,1,68.55327001503532
209,63289.89887757502,6,1,82.87010604660624
62,63304.18823017845,6,1,68.28549350334733
16,63336.645034183784,4,1,75.26763415645715
160,63341.10904190419,8,1,104.9647255914625
149,63383.4712873904,3,1,79.7744649236051
76,63388.87497008787,7,1,73.73283662720141
164,63401.88438894674,8,1,85.91555389595018
205,63460.82480395735,7,1,96.0076076916761
112,63462.96982739981,2,1,111.41730984261905
335,63467.23647266184,6,1,75.52261590899467
237,63506.95425246386,8,1,73.76535188088516
258,63508.28428499279,5,1,83.78075242249142
118,63533.79383842265,4,1,90.86624683122268
350,63587.22643975378,7,1,84.43338807741087
313,63588.49024636547,6,1,69.15219227972747
303,63631.53659095583,4,1,71.91435671644255
11,63653.27936006513,3,1,70.22422251665921
296,63700.611449103744,8,1,84.0248638510126
94,63714.30754936652,6,1,107.57355759498421
194,63728.1223407298,7,1,86.72424005834272
269,63753.143950522564,6,1,67.29902424095255
242,63775.89107760971,4,1,102.87607524205623
58,63914.10073537423,2,1,75.55830860304361
134,64006.80318637427,5,1,78.7464961844171
84,64026.4956741476,2,1,79.58126937668166
123,64032.928415412425,4,1,77.47799504077668
245,64085.23896098273,8,1,74.04672727913304
178,64121.326639495404,7,1,112.43846122728873
5,64171.97837272608,5,1,61.56443146297545
39,64177.04870382464,6,1,112.60205328890774
231,64178.85696745705,5,1,87.45025375165416
274,64184.283260345925,3,1,64.91160428133792
22,64357.87984331098,6,1,73.23433779509072
352,64404.52811549286,2,1,67.39687937360941
167,64455.173026753575,2,1,87.44745094511653
18,64524.51601473741,4,1,83.19780138867993
277,64575.222834306405,3,1,105.42619619163848
115,64594.9968656381,7,1,64.31806901647705
55,64771.90020404226,8,1,69.57815351725674
356,64853.95837770633,8,1,92.64148104074968
81,64863.83315751908,5,1,98.10717441855876
150,64966.692138565646,5,1,111.22058835986493
183,65002.35800197778,5,1,85.5862805500237
6,65670.00450238028,7,1,74.12123091912599
268,66211.8204232925,6,1,95.49871563438674
351,66600,6,1,95.28165369418622
